Date,Sales,DayOfWeek,Month,Day,Year,Quarter,WeekOfYear,IsWeekend,IsMonthStart,IsMonthEnd,IsQuarterStart,IsQuarterEnd,Temperature,IsHoliday,Promotion,DaysSinceLastPromo,Product_Category,Store_ID,CustomerCount
2022-01-01,960.0,5,1,1,2022,1,52,1,1,0,1,0,48.0,1,0,1,Clothing,S002,182
2022-01-02,977.71,6,1,2,2022,1,52,1,0,0,0,0,49.2,0,0,2,Food,S003,210
2022-01-03,981.15,0,1,3,2022,1,1,0,0,0,0,0,55.8,0,0,3,Home,S002,214
2022-01-04,970.6,1,1,4,2022,1,1,0,0,0,0,0,52.1,0,0,4,Home,S002,193
2022-01-05,829.8,2,1,5,2022,1,1,0,0,0,0,0,53.4,0,1,0,Home,S001,170
2022-01-06,827.31,3,1,6,2022,1,1,0,0,0,0,0,40.2,0,0,1,Food,S001,160
2022-01-07,932.32,4,1,7,2022,1,1,0,0,0,0,0,55.3,0,0,2,Food,S002,175
2022-01-08,1070.02,5,1,8,2022,1,1,1,0,0,0,0,53.3,0,0,3,Home,S003,219
2022-01-09,1085.31,6,1,9,2022,1,1,1,0,0,0,0,54.2,0,0,4,Clothing,S003,220
2022-01-10,890.85,0,1,10,2022,1,2,0,0,0,0,0,41.9,0,0,5,Electronics,S001,181
2022-01-11,828.26,1,1,11,2022,1,2,0,0,0,0,0,56.8,0,0,6,Home,S002,181
2022-01-12,882.78,2,1,12,2022,1,2,0,0,0,0,0,52.7,0,0,7,Home,S001,175
2022-01-13,906.07,3,1,13,2022,1,2,0,0,0,0,0,50.2,0,0,8,Home,S002,183
2022-01-14,934.33,4,1,14,2022,1,2,0,0,0,0,0,56.1,0,0,9,Food,S003,202
2022-01-15,972.43,5,1,15,2022,1,2,1,0,0,0,0,59.7,0,0,10,Electronics,S001,190
2022-01-16,1057.17,6,1,16,2022,1,2,1,0,0,0,0,46.3,0,1,0,Clothing,S002,215
2022-01-17,969.16,0,1,17,2022,1,3,0,0,0,0,0,46.9,0,1,0,Clothing,S001,211
2022-01-18,823.79,1,1,18,2022,1,3,0,0,0,0,0,51.8,0,1,0,Food,S002,175
2022-01-19,912.42,2,1,19,2022,1,3,0,0,0,0,0,57.3,0,0,1,Home,S003,196
2022-01-20,903.85,3,1,20,2022,1,3,0,0,0,0,0,54.4,0,0,2,Food,S003,190
2022-01-21,880.23,4,1,21,2022,1,3,0,0,0,0,0,58.2,0,0,3,Clothing,S001,165
2022-01-22,1130.06,5,1,22,2022,1,3,1,0,0,0,0,53.8,0,0,4,Electronics,S001,208
2022-01-23,1065.16,6,1,23,2022,1,3,1,0,0,0,0,55.2,0,1,0,Electronics,S002,195
2022-01-24,910.32,0,1,24,2022,1,4,0,0,0,0,0,45.1,0,1,0,Home,S002,189
2022-01-25,943.52,1,1,25,2022,1,4,0,0,0,0,0,49.7,0,0,1,Electronics,S002,192
2022-01-26,874.88,2,1,26,2022,1,4,0,0,0,0,0,50.4,0,1,0,Home,S002,172
2022-01-27,850.57,3,1,27,2022,1,4,0,0,0,0,0,48.0,0,0,1,Food,S001,189
2022-01-28,842.82,4,1,28,2022,1,4,0,0,0,0,0,49.3,0,0,2,Clothing,S002,159
2022-01-29,1010.55,5,1,29,2022,1,4,1,0,0,0,0,49.4,0,0,3,Food,S003,213
2022-01-30,1124.87,6,1,30,2022,1,4,1,0,0,0,0,43.3,0,0,4,Home,S001,221
2022-01-31,948.89,0,1,31,2022,1,5,0,0,1,0,0,47.7,0,0,5,Home,S003,172
2022-02-01,934.55,1,2,1,2022,1,5,0,1,0,0,0,45.6,0,1,0,Home,S001,169
2022-02-02,938.59,2,2,2,2022,1,5,0,0,0,0,0,47.1,0,1,0,Home,S002,194
2022-02-03,947.88,3,2,3,2022,1,5,0,0,0,0,0,53.0,0,0,1,Clothing,S002,170
2022-02-04,869.66,4,2,4,2022,1,5,0,0,0,0,0,49.1,0,0,2,Home,S003,180
2022-02-05,1077.74,5,2,5,2022,1,5,1,0,0,0,0,59.7,0,1,0,Food,S001,232
2022-02-06,978.49,6,2,6,2022,1,5,1,0,0,0,0,49.5,0,0,1,Electronics,S003,209
2022-02-07,933.84,0,2,7,2022,1,6,0,0,0,0,0,52.8,0,1,0,Electronics,S003,192
2022-02-08,973.77,1,2,8,2022,1,6,0,0,0,0,0,43.2,0,0,1,Home,S001,197
2022-02-09,848.78,2,2,9,2022,1,6,0,0,0,0,0,47.1,0,0,2,Electronics,S002,176
2022-02-10,858.15,3,2,10,2022,1,6,0,0,0,0,0,51.4,0,0,3,Clothing,S003,163
2022-02-11,889.3,4,2,11,2022,1,6,0,0,0,0,0,55.2,0,1,0,Food,S003,159
2022-02-12,1118.02,5,2,12,2022,1,6,1,0,0,0,0,50.2,0,0,1,Electronics,S001,221
2022-02-13,1079.53,6,2,13,2022,1,6,1,0,0,0,0,43.3,0,0,2,Electronics,S002,235
2022-02-14,925.23,0,2,14,2022,1,7,0,0,0,0,0,42.3,1,0,3,Home,S002,201
2022-02-15,843.66,1,2,15,2022,1,7,0,0,0,0,0,44.2,0,0,4,Home,S001,178
2022-02-16,895.32,2,2,16,2022,1,7,0,0,0,0,0,58.5,0,1,0,Electronics,S002,184
2022-02-17,951.24,3,2,17,2022,1,7,0,0,0,0,0,47.7,0,0,1,Electronics,S001,208
2022-02-18,969.67,4,2,18,2022,1,7,0,0,0,0,0,53.4,0,0,2,Home,S002,197
2022-02-19,1008.98,5,2,19,2022,1,7,1,0,0,0,0,52.1,0,0,3,Home,S002,214
2022-02-20,1091.24,6,2,20,2022,1,7,1,0,0,0,0,53.0,0,0,4,Electronics,S003,236
2022-02-21,872.27,0,2,21,2022,1,8,0,0,0,0,0,50.1,0,0,5,Electronics,S001,159
2022-02-22,902.18,1,2,22,2022,1,8,0,0,0,0,0,41.9,0,1,0,Electronics,S002,189
2022-02-23,919.04,2,2,23,2022,1,8,0,0,0,0,0,41.2,0,0,1,Food,S003,184
2022-02-24,958.74,3,2,24,2022,1,8,0,0,0,0,0,41.5,0,0,2,Electronics,S002,182
2022-02-25,854.34,4,2,25,2022,1,8,0,0,0,0,0,50.8,0,0,3,Electronics,S002,153
2022-02-26,1161.28,5,2,26,2022,1,8,1,0,0,0,0,46.5,0,0,4,Clothing,S001,251
2022-02-27,1114.91,6,2,27,2022,1,8,1,0,0,0,0,41.6,0,1,0,Electronics,S002,225
2022-02-28,898.62,0,2,28,2022,1,9,0,0,1,0,0,46.3,0,1,0,Clothing,S002,193
2022-03-01,947.53,1,3,1,2022,1,9,0,1,0,0,0,62.6,0,0,1,Electronics,S003,171
2022-03-02,1003.29,2,3,2,2022,1,9,0,0,0,0,0,67.4,0,0,2,Home,S003,216
2022-03-03,1020.4,3,3,3,2022,1,9,0,0,0,0,0,60.5,0,0,3,Home,S003,194
2022-03-04,1081.37,4,3,4,2022,1,9,0,0,0,0,0,74.1,0,1,0,Clothing,S003,199
2022-03-05,1170.72,5,3,5,2022,1,9,1,0,0,0,0,60.0,0,0,1,Clothing,S001,227
2022-03-06,1291.18,6,3,6,2022,1,9,1,0,0,0,0,70.3,0,0,2,Food,S002,264
2022-03-07,1115.63,0,3,7,2022,1,10,0,0,0,0,0,56.8,0,0,3,Clothing,S001,242
2022-03-08,1102.5,1,3,8,2022,1,10,0,0,0,0,0,72.0,0,1,0,Food,S003,210
2022-03-09,982.64,2,3,9,2022,1,10,0,0,0,0,0,60.2,0,1,0,Home,S001,181
2022-03-10,1055.92,3,3,10,2022,1,10,0,0,0,0,0,67.2,0,0,1,Clothing,S003,209
2022-03-11,983.19,4,3,11,2022,1,10,0,0,0,0,0,60.4,0,0,2,Clothing,S001,215
2022-03-12,1098.98,5,3,12,2022,1,10,1,0,0,0,0,55.4,0,0,3,Home,S002,224
2022-03-13,1111.47,6,3,13,2022,1,10,1,0,0,0,0,73.1,0,1,0,Clothing,S002,237
2022-03-14,971.37,0,3,14,2022,1,11,0,0,0,0,0,57.0,0,1,0,Clothing,S002,191
2022-03-15,971.56,1,3,15,2022,1,11,0,0,0,0,0,58.2,0,0,1,Home,S001,199
2022-03-16,938.9,2,3,16,2022,1,11,0,0,0,0,0,55.8,0,0,2,Food,S002,179
2022-03-17,942.89,3,3,17,2022,1,11,0,0,0,0,0,67.8,0,0,3,Electronics,S001,169
2022-03-18,1023.56,4,3,18,2022,1,11,0,0,0,0,0,61.1,0,0,4,Food,S003,215
2022-03-19,1196.01,5,3,19,2022,1,11,1,0,0,0,0,73.7,0,0,5,Clothing,S001,250
2022-03-20,1206.85,6,3,20,2022,1,11,1,0,0,0,0,74.2,0,1,0,Food,S002,242
2022-03-21,1017.33,0,3,21,2022,1,12,0,0,0,0,0,70.1,0,0,1,Home,S003,198
2022-03-22,980.35,1,3,22,2022,1,12,0,0,0,0,0,63.4,0,1,0,Clothing,S002,208
2022-03-23,951.86,2,3,23,2022,1,12,0,0,0,0,0,58.6,0,0,1,Electronics,S002,210
2022-03-24,1004.58,3,3,24,2022,1,12,0,0,0,0,0,59.4,0,1,0,Home,S001,216
2022-03-25,1046.41,4,3,25,2022,1,12,0,0,0,0,0,70.0,0,0,1,Food,S001,224
2022-03-26,1100.57,5,3,26,2022,1,12,1,0,0,0,0,68.3,0,1,0,Food,S001,219
2022-03-27,1181.48,6,3,27,2022,1,12,1,0,0,0,0,67.0,0,1,0,Food,S001,254
2022-03-28,970.5,0,3,28,2022,1,13,0,0,0,0,0,70.1,0,0,1,Food,S002,203
2022-03-29,1125.83,1,3,29,2022,1,13,0,0,0,0,0,55.3,0,0,2,Home,S002,232
2022-03-30,976.95,2,3,30,2022,1,13,0,0,0,0,0,65.0,0,0,3,Clothing,S003,211
2022-03-31,1129.11,3,3,31,2022,1,13,0,0,1,0,1,59.1,0,0,4,Home,S001,220
2022-04-01,1054.74,4,4,1,2022,2,13,0,1,0,1,0,56.4,0,0,5,Clothing,S003,194
2022-04-02,1253.05,5,4,2,2022,2,13,1,0,0,0,0,64.8,0,0,6,Clothing,S001,238
2022-04-03,1153.39,6,4,3,2022,2,13,1,0,0,0,0,70.5,0,0,7,Electronics,S001,232
2022-04-04,1111.41,0,4,4,2022,2,14,0,0,0,0,0,64.5,0,0,8,Electronics,S002,210
2022-04-05,954.84,1,4,5,2022,2,14,0,0,0,0,0,58.2,0,0,9,Food,S002,179
2022-04-06,960.76,2,4,6,2022,2,14,0,0,0,0,0,66.2,0,0,10,Food,S001,195
2022-04-07,956.86,3,4,7,2022,2,14,0,0,0,0,0,70.0,0,0,11,Home,S001,196
2022-04-08,957.41,4,4,8,2022,2,14,0,0,0,0,0,59.4,0,0,12,Food,S002,209
2022-04-09,1246.57,5,4,9,2022,2,14,1,0,0,0,0,73.1,0,0,13,Food,S003,247
2022-04-10,1223.2,6,4,10,2022,2,14,1,0,0,0,0,71.8,0,1,0,Clothing,S003,260
2022-04-11,951.89,0,4,11,2022,2,15,0,0,0,0,0,63.7,0,0,1,Home,S002,171
2022-04-12,949.52,1,4,12,2022,2,15,0,0,0,0,0,57.5,0,0,2,Food,S001,180
2022-04-13,1082.66,2,4,13,2022,2,15,0,0,0,0,0,62.8,0,0,3,Electronics,S002,228
2022-04-14,1097.81,3,4,14,2022,2,15,0,0,0,0,0,62.9,0,0,4,Food,S003,203
2022-04-15,1098.63,4,4,15,2022,2,15,0,0,0,0,0,61.3,1,0,5,Food,S003,226
2022-04-16,1213.63,5,4,16,2022,2,15,1,0,0,0,0,60.8,1,1,0,Electronics,S001,247
2022-04-17,1151.37,6,4,17,2022,2,15,1,0,0,0,0,66.1,1,0,1,Home,S001,246
2022-04-18,1069.16,0,4,18,2022,2,16,0,0,0,0,0,73.6,0,0,2,Electronics,S002,224
2022-04-19,1106.5,1,4,19,2022,2,16,0,0,0,0,0,62.5,0,1,0,Electronics,S003,202
2022-04-20,958.8,2,4,20,2022,2,16,0,0,0,0,0,71.9,0,0,1,Clothing,S001,191
2022-04-21,954.91,3,4,21,2022,2,16,0,0,0,0,0,66.5,0,1,0,Home,S001,192
2022-04-22,1109.98,4,4,22,2022,2,16,0,0,0,0,0,63.7,0,0,1,Electronics,S001,230
2022-04-23,1107.26,5,4,23,2022,2,16,1,0,0,0,0,55.2,0,0,2,Home,S001,224
2022-04-24,1330.41,6,4,24,2022,2,16,1,0,0,0,0,65.1,0,0,3,Electronics,S003,247
2022-04-25,1000.24,0,4,25,2022,2,17,0,0,0,0,0,55.1,0,0,4,Food,S002,187
2022-04-26,1066.31,1,4,26,2022,2,17,0,0,0,0,0,68.3,0,0,5,Home,S003,231
2022-04-27,1060.09,2,4,27,2022,2,17,0,0,0,0,0,67.5,0,0,6,Food,S003,193
2022-04-28,1024.91,3,4,28,2022,2,17,0,0,0,0,0,55.8,0,0,7,Home,S003,197
2022-04-29,1025.92,4,4,29,2022,2,17,0,0,0,0,0,56.0,0,0,8,Clothing,S003,202
2022-04-30,1213.67,5,4,30,2022,2,17,1,0,1,0,0,65.6,0,1,0,Home,S001,234
2022-05-01,1181.1,6,5,1,2022,2,17,1,1,0,0,0,58.6,0,1,0,Electronics,S001,228
2022-05-02,1021.37,0,5,2,2022,2,18,0,0,0,0,0,63.3,0,0,1,Clothing,S002,197
2022-05-03,1161.06,1,5,3,2022,2,18,0,0,0,0,0,67.9,0,0,2,Food,S003,234
2022-05-04,1060.65,2,5,4,2022,2,18,0,0,0,0,0,71.4,0,0,3,Electronics,S002,204
2022-05-05,1070.87,3,5,5,2022,2,18,0,0,0,0,0,62.4,0,0,4,Food,S002,231
2022-05-06,1124.47,4,5,6,2022,2,18,0,0,0,0,0,64.8,0,0,5,Home,S001,217
2022-05-07,1311.38,5,5,7,2022,2,18,1,0,0,0,0,59.6,0,0,6,Home,S003,263
2022-05-08,1137.46,6,5,8,2022,2,18,1,0,0,0,0,59.5,0,0,7,Electronics,S001,217
2022-05-09,1099.79,0,5,9,2022,2,19,0,0,0,0,0,63.3,0,0,8,Clothing,S002,203
2022-05-10,1143.7,1,5,10,2022,2,19,0,0,0,0,0,67.2,0,0,9,Food,S002,224
2022-05-11,1026.95,2,5,11,2022,2,19,0,0,0,0,0,59.4,0,0,10,Clothing,S003,218
2022-05-12,1152.53,3,5,12,2022,2,19,0,0,0,0,0,60.6,0,1,0,Clothing,S001,242
2022-05-13,1014.51,4,5,13,2022,2,19,0,0,0,0,0,57.7,0,0,1,Food,S003,189
2022-05-14,1295.86,5,5,14,2022,2,19,1,0,0,0,0,74.2,0,0,2,Electronics,S001,240
2022-05-15,1334.27,6,5,15,2022,2,19,1,0,0,0,0,72.0,0,0,3,Food,S001,256
2022-05-16,1162.47,0,5,16,2022,2,20,0,0,0,0,0,61.0,0,0,4,Electronics,S003,226
2022-05-17,998.59,1,5,17,2022,2,20,0,0,0,0,0,55.5,0,0,5,Home,S002,217
2022-05-18,1139.64,2,5,18,2022,2,20,0,0,0,0,0,59.0,0,0,6,Electronics,S003,220
2022-05-19,1173.68,3,5,19,2022,2,20,0,0,0,0,0,71.1,0,0,7,Clothing,S003,255
2022-05-20,1168.72,4,5,20,2022,2,20,0,0,0,0,0,70.5,0,0,8,Electronics,S001,239
2022-05-21,1299.37,5,5,21,2022,2,20,1,0,0,0,0,59.0,0,0,9,Clothing,S003,246
2022-05-22,1143.19,6,5,22,2022,2,20,1,0,0,0,0,65.0,0,1,0,Clothing,S002,225
2022-05-23,1165.34,0,5,23,2022,2,21,0,0,0,0,0,66.5,0,0,1,Home,S001,242
2022-05-24,1102.73,1,5,24,2022,2,21,0,0,0,0,0,55.8,0,0,2,Home,S001,209
2022-05-25,1110.62,2,5,25,2022,2,21,0,0,0,0,0,56.9,0,0,3,Electronics,S003,207
2022-05-26,969.99,3,5,26,2022,2,21,0,0,0,0,0,70.4,0,0,4,Food,S001,193
2022-05-27,1124.33,4,5,27,2022,2,21,0,0,0,0,0,64.2,0,1,0,Clothing,S002,217
2022-05-28,1214.38,5,5,28,2022,2,21,1,0,0,0,0,58.0,0,0,1,Food,S001,254
2022-05-29,1346.77,6,5,29,2022,2,21,1,0,0,0,0,60.1,0,0,2,Home,S002,252
2022-05-30,1145.48,0,5,30,2022,2,22,0,0,0,0,0,65.9,1,0,3,Electronics,S003,214
2022-05-31,999.36,1,5,31,2022,2,22,0,0,1,0,0,69.8,0,0,4,Clothing,S002,216
2022-06-01,1181.81,2,6,1,2022,2,22,0,1,0,0,0,77.3,0,0,5,Food,S001,242
2022-06-02,1266.82,3,6,2,2022,2,22,0,0,0,0,0,93.4,0,1,0,Electronics,S001,249
2022-06-03,1299.48,4,6,3,2022,2,22,0,0,0,0,0,88.9,0,0,1,Food,S003,251
2022-06-04,1449.94,5,6,4,2022,2,22,1,0,0,0,0,79.4,0,0,2,Electronics,S001,300
2022-06-05,1435.07,6,6,5,2022,2,22,1,0,0,0,0,76.7,0,0,3,Food,S001,273
2022-06-06,1385.63,0,6,6,2022,2,23,0,0,0,0,0,75.2,0,1,0,Food,S003,266
2022-06-07,1293.65,1,6,7,2022,2,23,0,0,0,0,0,77.4,0,1,0,Home,S001,267
2022-06-08,1377.11,2,6,8,2022,2,23,0,0,0,0,0,92.9,0,0,1,Food,S002,282
2022-06-09,1366.07,3,6,9,2022,2,23,0,0,0,0,0,85.3,0,1,0,Clothing,S002,285
2022-06-10,1379.54,4,6,10,2022,2,23,0,0,0,0,0,83.2,0,0,1,Electronics,S003,262
2022-06-11,1356.91,5,6,11,2022,2,23,1,0,0,0,0,90.2,0,0,2,Electronics,S001,255
2022-06-12,1429.58,6,6,12,2022,2,23,1,0,0,0,0,87.8,0,0,3,Home,S001,285
2022-06-13,1228.25,0,6,13,2022,2,24,0,0,0,0,0,81.2,0,0,4,Electronics,S003,263
2022-06-14,1275.09,1,6,14,2022,2,24,0,0,0,0,0,83.1,0,0,5,Food,S003,272
2022-06-15,1261.57,2,6,15,2022,2,24,0,0,0,0,0,81.8,0,1,0,Clothing,S001,240
2022-06-16,1255.42,3,6,16,2022,2,24,0,0,0,0,0,92.3,0,1,0,Home,S003,257
2022-06-17,1382.32,4,6,17,2022,2,24,0,0,0,0,0,77.4,0,0,1,Home,S002,259
2022-06-18,1483.8,5,6,18,2022,2,24,1,0,0,0,0,87.8,0,0,2,Food,S003,284
2022-06-19,1623.77,6,6,19,2022,2,24,1,0,0,0,0,81.2,0,0,3,Home,S002,300
2022-06-20,1248.2,0,6,20,2022,2,25,0,0,0,0,0,89.7,0,0,4,Home,S001,231
2022-06-21,1295.22,1,6,21,2022,2,25,0,0,0,0,0,93.5,0,0,5,Home,S003,246
2022-06-22,1355.26,2,6,22,2022,2,25,0,0,0,0,0,94.8,0,1,0,Home,S003,283
2022-06-23,1295.12,3,6,23,2022,2,25,0,0,0,0,0,87.6,0,0,1,Clothing,S001,278
2022-06-24,1297.98,4,6,24,2022,2,25,0,0,0,0,0,84.8,0,0,2,Home,S003,278
2022-06-25,1622.59,5,6,25,2022,2,25,1,0,0,0,0,76.8,0,0,3,Electronics,S002,300
2022-06-26,1442.29,6,6,26,2022,2,25,1,0,0,0,0,76.7,0,0,4,Clothing,S001,295
2022-06-27,1325.13,0,6,27,2022,2,26,0,0,0,0,0,85.7,0,0,5,Home,S001,279
2022-06-28,1427.98,1,6,28,2022,2,26,0,0,0,0,0,77.9,0,0,6,Food,S002,300
2022-06-29,1426.94,2,6,29,2022,2,26,0,0,0,0,0,83.2,0,0,7,Food,S002,268
2022-06-30,1367.76,3,6,30,2022,2,26,0,0,1,0,1,84.3,0,1,0,Food,S002,288
2022-07-01,1395.57,4,7,1,2022,3,26,0,1,0,1,0,92.7,0,0,1,Home,S003,284
2022-07-02,1637.18,5,7,2,2022,3,26,1,0,0,0,0,80.4,0,0,2,Food,S002,300
2022-07-03,1557.15,6,7,3,2022,3,26,1,0,0,0,0,85.0,0,0,3,Electronics,S001,297
2022-07-04,1231.18,0,7,4,2022,3,27,0,0,0,0,0,90.4,1,0,4,Food,S001,228
2022-07-05,1372.04,1,7,5,2022,3,27,0,0,0,0,0,78.6,0,0,5,Home,S002,277
2022-07-06,1287.69,2,7,6,2022,3,27,0,0,0,0,0,79.3,0,0,6,Food,S002,245
2022-07-07,1416.72,3,7,7,2022,3,27,0,0,0,0,0,76.4,0,0,7,Clothing,S003,269
2022-07-08,1324.8,4,7,8,2022,3,27,0,0,0,0,0,84.0,0,0,8,Electronics,S003,280
2022-07-09,1644.06,5,7,9,2022,3,27,1,0,0,0,0,86.3,0,1,0,Food,S002,300
2022-07-10,1451.89,6,7,10,2022,3,27,1,0,0,0,0,86.0,0,0,1,Home,S003,275
2022-07-11,1398.58,0,7,11,2022,3,28,0,0,0,0,0,76.0,0,0,2,Home,S003,272
2022-07-12,1446.68,1,7,12,2022,3,28,0,0,0,0,0,94.4,0,0,3,Food,S001,282
2022-07-13,1333.56,2,7,13,2022,3,28,0,0,0,0,0,78.7,0,1,0,Electronics,S003,266
2022-07-14,1398.38,3,7,14,2022,3,28,0,0,0,0,0,91.1,0,0,1,Clothing,S001,290
2022-07-15,1385.9,4,7,15,2022,3,28,0,0,0,0,0,88.5,0,0,2,Electronics,S001,263
2022-07-16,1575.7,5,7,16,2022,3,28,1,0,0,0,0,84.0,0,0,3,Electronics,S001,296
2022-07-17,1477.45,6,7,17,2022,3,28,1,0,0,0,0,78.4,0,0,4,Clothing,S001,300
2022-07-18,1279.79,0,7,18,2022,3,29,0,0,0,0,0,82.7,0,0,5,Home,S003,236
2022-07-19,1313.37,1,7,19,2022,3,29,0,0,0,0,0,91.1,0,0,6,Clothing,S003,248
2022-07-20,1246.78,2,7,20,2022,3,29,0,0,0,0,0,90.7,0,1,0,Home,S002,254
2022-07-21,1359.96,3,7,21,2022,3,29,0,0,0,0,0,77.1,0,1,0,Electronics,S001,271
2022-07-22,1256.59,4,7,22,2022,3,29,0,0,0,0,0,83.1,0,0,1,Clothing,S001,253
2022-07-23,1458.71,5,7,23,2022,3,29,1,0,0,0,0,93.9,0,0,2,Home,S003,285
2022-07-24,1410.06,6,7,24,2022,3,29,1,0,0,0,0,93.0,0,1,0,Electronics,S002,268
2022-07-25,1281.03,0,7,25,2022,3,30,0,0,0,0,0,91.0,0,1,0,Home,S002,269
2022-07-26,1425.15,1,7,26,2022,3,30,0,0,0,0,0,94.5,0,0,1,Food,S003,285
2022-07-27,1300.77,2,7,27,2022,3,30,0,0,0,0,0,87.8,0,0,2,Food,S003,265
2022-07-28,1243.79,3,7,28,2022,3,30,0,0,0,0,0,86.8,0,0,3,Clothing,S001,252
2022-07-29,1346.53,4,7,29,2022,3,30,0,0,0,0,0,75.3,0,0,4,Food,S003,276
2022-07-30,1623.7,5,7,30,2022,3,30,1,0,0,0,0,80.9,0,0,5,Home,S003,300
2022-07-31,1434.88,6,7,31,2022,3,30,1,0,1,0,0,76.3,0,1,0,Clothing,S001,296
2022-08-01,1084.81,0,8,1,2022,3,31,0,1,0,0,0,92.7,0,0,1,Food,S003,202
2022-08-02,1168.62,1,8,2,2022,3,31,0,0,0,0,0,84.5,0,1,0,Electronics,S001,222
2022-08-03,1045.21,2,8,3,2022,3,31,0,0,0,0,0,79.1,0,0,1,Clothing,S001,191
2022-08-04,1093.52,3,8,4,2022,3,31,0,0,0,0,0,89.5,0,1,0,Clothing,S003,222
2022-08-05,1160.64,4,8,5,2022,3,31,0,0,0,0,0,84.0,0,1,0,Electronics,S001,224
2022-08-06,1259.47,5,8,6,2022,3,31,1,0,0,0,0,90.6,0,0,1,Clothing,S001,272
2022-08-07,1389.63,6,8,7,2022,3,31,1,0,0,0,0,88.6,0,0,2,Clothing,S001,264
2022-08-08,1119.54,0,8,8,2022,3,32,0,0,0,0,0,79.2,0,0,3,Home,S003,208
2022-08-09,1024.93,1,8,9,2022,3,32,0,0,0,0,0,75.8,0,0,4,Electronics,S003,202
2022-08-10,1189.05,2,8,10,2022,3,32,0,0,0,0,0,90.1,0,1,0,Home,S001,233
2022-08-11,1133.41,3,8,11,2022,3,32,0,0,0,0,0,93.4,0,0,1,Home,S001,234
2022-08-12,1110.54,4,8,12,2022,3,32,0,0,0,0,0,86.2,0,0,2,Electronics,S001,210
2022-08-13,1340.47,5,8,13,2022,3,32,1,0,0,0,0,82.7,0,0,3,Clothing,S001,284
2022-08-14,1309.63,6,8,14,2022,3,32,1,0,0,0,0,81.7,0,0,4,Food,S002,273
2022-08-15,1038.57,0,8,15,2022,3,33,0,0,0,0,0,79.8,0,0,5,Home,S003,201
2022-08-16,1029.87,1,8,16,2022,3,33,0,0,0,0,0,83.8,0,0,6,Electronics,S003,201
2022-08-17,1067.4,2,8,17,2022,3,33,0,0,0,0,0,89.6,0,0,7,Home,S003,225
2022-08-18,1141.27,3,8,18,2022,3,33,0,0,0,0,0,92.2,0,1,0,Food,S002,243
2022-08-19,1134.96,4,8,19,2022,3,33,0,0,0,0,0,76.2,0,0,1,Electronics,S002,211
2022-08-20,1382.72,5,8,20,2022,3,33,1,0,0,0,0,86.8,0,0,2,Clothing,S003,267
2022-08-21,1381.8,6,8,21,2022,3,33,1,0,0,0,0,81.7,0,1,0,Electronics,S001,296
2022-08-22,1212.09,0,8,22,2022,3,34,0,0,0,0,0,85.5,0,0,1,Food,S003,228
2022-08-23,1018.83,1,8,23,2022,3,34,0,0,0,0,0,92.4,0,0,2,Clothing,S001,196
2022-08-24,1163.88,2,8,24,2022,3,34,0,0,0,0,0,83.9,0,0,3,Food,S003,235
2022-08-25,1101.15,3,8,25,2022,3,34,0,0,0,0,0,87.6,0,0,4,Food,S002,213
2022-08-26,1084.55,4,8,26,2022,3,34,0,0,0,0,0,88.2,0,0,5,Electronics,S002,220
2022-08-27,1308.79,5,8,27,2022,3,34,1,0,0,0,0,94.7,0,0,6,Clothing,S002,265
2022-08-28,1252.8,6,8,28,2022,3,34,1,0,0,0,0,80.5,0,0,7,Home,S003,242
2022-08-29,1015.47,0,8,29,2022,3,35,0,0,0,0,0,79.6,0,1,0,Electronics,S003,208
2022-08-30,1019.37,1,8,30,2022,3,35,0,0,0,0,0,81.3,0,0,1,Home,S002,211
2022-08-31,1081.35,2,8,31,2022,3,35,0,0,1,0,0,90.3,0,0,2,Electronics,S002,201
2022-09-01,1225.37,3,9,1,2022,3,35,0,1,0,0,0,68.2,0,0,3,Home,S001,232
2022-09-02,1197.17,4,9,2,2022,3,35,0,0,0,0,0,64.4,0,1,0,Clothing,S003,231
2022-09-03,1301.53,5,9,3,2022,3,35,1,0,0,0,0,69.0,0,1,0,Clothing,S003,257
2022-09-04,1355.38,6,9,4,2022,3,35,1,0,0,0,0,64.4,0,1,0,Electronics,S002,280
2022-09-05,1155.82,0,9,5,2022,3,36,0,0,0,0,0,60.3,1,1,0,Clothing,S003,213
2022-09-06,1123.67,1,9,6,2022,3,36,0,0,0,0,0,61.9,0,0,1,Home,S003,219
2022-09-07,1193.7,2,9,7,2022,3,36,0,0,0,0,0,75.9,0,1,0,Home,S002,240
2022-09-08,1034.46,3,9,8,2022,3,36,0,0,0,0,0,77.5,0,1,0,Electronics,S003,213
2022-09-09,1113.17,4,9,9,2022,3,36,0,0,0,0,0,70.3,0,0,1,Electronics,S003,235
2022-09-10,1196.19,5,9,10,2022,3,36,1,0,0,0,0,66.6,0,0,2,Clothing,S001,222
2022-09-11,1226.22,6,9,11,2022,3,36,1,0,0,0,0,61.5,0,0,3,Food,S001,247
2022-09-12,1134.22,0,9,12,2022,3,37,0,0,0,0,0,79.3,0,1,0,Electronics,S002,222
2022-09-13,1082.04,1,9,13,2022,3,37,0,0,0,0,0,74.8,0,0,1,Food,S002,224
2022-09-14,1135.08,2,9,14,2022,3,37,0,0,0,0,0,70.4,0,0,2,Electronics,S003,209
2022-09-15,1214.17,3,9,15,2022,3,37,0,0,0,0,0,61.7,0,0,3,Clothing,S003,237
2022-09-16,1092.57,4,9,16,2022,3,37,0,0,0,0,0,79.9,0,0,4,Food,S002,207
2022-09-17,1423.25,5,9,17,2022,3,37,1,0,0,0,0,64.5,0,1,0,Home,S001,276
2022-09-18,1287.59,6,9,18,2022,3,37,1,0,0,0,0,65.2,0,0,1,Electronics,S003,266
2022-09-19,1050.83,0,9,19,2022,3,38,0,0,0,0,0,79.6,0,0,2,Food,S002,228
2022-09-20,1021.41,1,9,20,2022,3,38,0,0,0,0,0,69.1,0,1,0,Electronics,S001,188
2022-09-21,1137.31,2,9,21,2022,3,38,0,0,0,0,0,60.1,0,1,0,Home,S003,234
2022-09-22,1120.42,3,9,22,2022,3,38,0,0,0,0,0,79.2,0,0,1,Electronics,S001,235
2022-09-23,1096.21,4,9,23,2022,3,38,0,0,0,0,0,78.0,0,0,2,Clothing,S003,206
2022-09-24,1430.46,5,9,24,2022,3,38,1,0,0,0,0,60.1,0,1,0,Clothing,S002,292
2022-09-25,1358.39,6,9,25,2022,3,38,1,0,0,0,0,65.8,0,1,0,Electronics,S003,260
2022-09-26,1167.64,0,9,26,2022,3,39,0,0,0,0,0,79.1,0,0,1,Home,S001,251
2022-09-27,1083.72,1,9,27,2022,3,39,0,0,0,0,0,79.8,0,0,2,Food,S001,219
2022-09-28,1200.95,2,9,28,2022,3,39,0,0,0,0,0,79.1,0,0,3,Food,S002,238
2022-09-29,1246.03,3,9,29,2022,3,39,0,0,0,0,0,67.4,0,0,4,Home,S003,268
2022-09-30,1082.92,4,9,30,2022,3,39,0,0,1,0,1,62.6,0,0,5,Clothing,S001,218
2022-10-01,1215.02,5,10,1,2022,4,39,1,1,0,1,0,62.8,0,1,0,Clothing,S003,257
2022-10-02,1277.34,6,10,2,2022,4,39,1,0,0,0,0,70.1,0,0,1,Food,S001,244
2022-10-03,1124.59,0,10,3,2022,4,40,0,0,0,0,0,79.1,0,0,2,Food,S001,221
2022-10-04,1224.17,1,10,4,2022,4,40,0,0,0,0,0,60.8,0,0,3,Electronics,S002,248
2022-10-05,1118.53,2,10,5,2022,4,40,0,0,0,0,0,73.2,0,0,4,Electronics,S003,226
2022-10-06,1048.78,3,10,6,2022,4,40,0,0,0,0,0,76.7,0,0,5,Electronics,S002,206
2022-10-07,1028.23,4,10,7,2022,4,40,0,0,0,0,0,67.9,0,0,6,Electronics,S003,194
2022-10-08,1364.6,5,10,8,2022,4,40,1,0,0,0,0,63.1,0,0,7,Electronics,S002,259
2022-10-09,1426.8,6,10,9,2022,4,40,1,0,0,0,0,67.6,0,1,0,Food,S001,267
2022-10-10,1222.09,0,10,10,2022,4,41,0,0,0,0,0,79.8,0,0,1,Clothing,S001,245
2022-10-11,1114.84,1,10,11,2022,4,41,0,0,0,0,0,75.4,0,0,2,Clothing,S003,218
2022-10-12,1127.42,2,10,12,2022,4,41,0,0,0,0,0,61.3,0,0,3,Electronics,S001,236
2022-10-13,1133.5,3,10,13,2022,4,41,0,0,0,0,0,65.6,0,0,4,Home,S001,245
2022-10-14,1102.1,4,10,14,2022,4,41,0,0,0,0,0,71.8,0,1,0,Electronics,S001,237
2022-10-15,1304.48,5,10,15,2022,4,41,1,0,0,0,0,66.0,0,0,1,Home,S003,271
2022-10-16,1380.36,6,10,16,2022,4,41,1,0,0,0,0,64.8,0,0,2,Home,S003,258
2022-10-17,1092.21,0,10,17,2022,4,42,0,0,0,0,0,71.6,0,0,3,Electronics,S002,204
2022-10-18,1078.87,1,10,18,2022,4,42,0,0,0,0,0,62.8,0,0,4,Food,S002,204
2022-10-19,1103.9,2,10,19,2022,4,42,0,0,0,0,0,74.3,0,0,5,Clothing,S003,216
2022-10-20,1069.35,3,10,20,2022,4,42,0,0,0,0,0,75.0,0,0,6,Home,S001,211
2022-10-21,1176.12,4,10,21,2022,4,42,0,0,0,0,0,77.9,0,0,7,Home,S002,227
2022-10-22,1312.71,5,10,22,2022,4,42,1,0,0,0,0,67.2,0,0,8,Food,S001,256
2022-10-23,1424.71,6,10,23,2022,4,42,1,0,0,0,0,60.5,0,0,9,Electronics,S002,275
2022-10-24,1222.89,0,10,24,2022,4,43,0,0,0,0,0,78.4,0,0,10,Electronics,S002,253
2022-10-25,1235.16,1,10,25,2022,4,43,0,0,0,0,0,73.0,0,0,11,Electronics,S003,229
2022-10-26,1243.42,2,10,26,2022,4,43,0,0,0,0,0,75.1,0,0,12,Electronics,S002,249
2022-10-27,1134.68,3,10,27,2022,4,43,0,0,0,0,0,71.7,0,1,0,Home,S003,216
2022-10-28,1214.79,4,10,28,2022,4,43,0,0,0,0,0,60.6,0,0,1,Home,S002,228
2022-10-29,1239.91,5,10,29,2022,4,43,1,0,0,0,0,79.9,0,0,2,Electronics,S003,264
2022-10-30,1296.65,6,10,30,2022,4,43,1,0,0,0,0,62.4,0,0,3,Electronics,S001,245
2022-10-31,1097.17,0,10,31,2022,4,44,0,0,1,0,0,70.0,0,0,4,Home,S001,228
2022-11-01,1232.69,1,11,1,2022,4,44,0,1,0,0,0,65.5,0,0,5,Food,S001,246
2022-11-02,1177.72,2,11,2,2022,4,44,0,0,0,0,0,72.1,0,0,6,Electronics,S001,230
2022-11-03,1263.2,3,11,3,2022,4,44,0,0,0,0,0,71.3,0,0,7,Clothing,S001,246
2022-11-04,1121.57,4,11,4,2022,4,44,0,0,0,0,0,64.3,0,0,8,Electronics,S003,217
2022-11-05,1373.46,5,11,5,2022,4,44,1,0,0,0,0,79.1,0,0,9,Home,S003,264
2022-11-06,1386.11,6,11,6,2022,4,44,1,0,0,0,0,74.8,0,1,0,Clothing,S001,295
2022-11-07,1144.74,0,11,7,2022,4,45,0,0,0,0,0,61.1,0,1,0,Electronics,S002,217
2022-11-08,1243.96,1,11,8,2022,4,45,0,0,0,0,0,72.0,0,0,1,Electronics,S003,263
2022-11-09,1063.31,2,11,9,2022,4,45,0,0,0,0,0,72.2,0,1,0,Clothing,S003,224
2022-11-10,1200.68,3,11,10,2022,4,45,0,0,0,0,0,66.6,0,0,1,Clothing,S002,235
2022-11-11,1179.23,4,11,11,2022,4,45,0,0,0,0,0,64.6,0,0,2,Clothing,S003,223
2022-11-12,1364.84,5,11,12,2022,4,45,1,0,0,0,0,62.2,0,0,3,Clothing,S001,277
2022-11-13,1325.68,6,11,13,2022,4,45,1,0,0,0,0,76.3,0,0,4,Home,S003,266
2022-11-14,1093.46,0,11,14,2022,4,46,0,0,0,0,0,60.1,0,0,5,Clothing,S003,237
2022-11-15,1253.02,1,11,15,2022,4,46,0,0,0,0,0,72.3,0,0,6,Food,S002,270
2022-11-16,1202.61,2,11,16,2022,4,46,0,0,0,0,0,72.1,0,1,0,Food,S002,251
2022-11-17,1092.21,3,11,17,2022,4,46,0,0,0,0,0,79.6,0,0,1,Clothing,S003,237
2022-11-18,1085.33,4,11,18,2022,4,46,0,0,0,0,0,63.7,0,0,2,Electronics,S001,216
2022-11-19,1363.68,5,11,19,2022,4,46,1,0,0,0,0,67.0,0,1,0,Home,S003,271
2022-11-20,1204.22,6,11,20,2022,4,46,1,0,0,0,0,74.7,0,0,1,Clothing,S001,256
2022-11-21,1244.69,0,11,21,2022,4,47,0,0,0,0,0,70.2,0,0,2,Home,S003,234
2022-11-22,1099.05,1,11,22,2022,4,47,0,0,0,0,0,74.9,0,0,3,Electronics,S003,203
2022-11-23,1120.31,2,11,23,2022,4,47,0,0,0,0,0,75.3,0,0,4,Electronics,S002,210
2022-11-24,1206.31,3,11,24,2022,4,47,0,0,0,0,0,79.6,1,0,5,Clothing,S002,224
2022-11-25,2500.0,4,11,25,2022,4,47,0,0,0,0,0,60.8,1,1,0,Food,S001,300
2022-11-26,1219.49,5,11,26,2022,4,47,1,0,0,0,0,79.2,0,0,1,Home,S003,232
2022-11-27,1241.53,6,11,27,2022,4,47,1,0,0,0,0,72.8,0,0,2,Electronics,S001,229
2022-11-28,1199.12,0,11,28,2022,4,48,0,0,0,0,0,67.8,0,0,3,Clothing,S001,257
2022-11-29,1069.79,1,11,29,2022,4,48,0,0,0,0,0,70.6,0,1,0,Clothing,S003,229
2022-11-30,1150.79,2,11,30,2022,4,48,0,0,1,0,0,64.5,0,1,0,Clothing,S002,212
2022-12-01,1573.13,3,12,1,2022,4,48,0,1,0,0,0,54.7,0,0,1,Food,S001,300
2022-12-02,1650.01,4,12,2,2022,4,48,0,0,0,0,0,55.5,0,0,2,Clothing,S003,300
2022-12-03,1822.81,5,12,3,2022,4,48,1,0,0,0,0,49.2,0,0,3,Home,S002,300
2022-12-04,1784.67,6,12,4,2022,4,48,1,0,0,0,0,56.9,0,0,4,Clothing,S002,300
2022-12-05,1651.66,0,12,5,2022,4,49,0,0,0,0,0,54.2,0,0,5,Home,S001,300
2022-12-06,1452.12,1,12,6,2022,4,49,0,0,0,0,0,47.4,0,0,6,Clothing,S003,293
2022-12-07,1716.21,2,12,7,2022,4,49,0,0,0,0,0,58.8,0,0,7,Food,S002,300
2022-12-08,1542.49,3,12,8,2022,4,49,0,0,0,0,0,48.2,0,0,8,Clothing,S003,300
2022-12-09,1658.05,4,12,9,2022,4,49,0,0,0,0,0,57.0,0,1,0,Electronics,S002,300
2022-12-10,1968.27,5,12,10,2022,4,49,1,0,0,0,0,59.3,0,0,1,Clothing,S001,300
2022-12-11,2127.53,6,12,11,2022,4,49,1,0,0,0,0,57.7,0,0,2,Home,S002,300
2022-12-12,1542.4,0,12,12,2022,4,50,0,0,0,0,0,50.7,0,0,3,Clothing,S003,300
2022-12-13,1614.99,1,12,13,2022,4,50,0,0,0,0,0,55.9,0,0,4,Clothing,S001,300
2022-12-14,1537.99,2,12,14,2022,4,50,0,0,0,0,0,53.4,0,0,5,Electronics,S002,300
2022-12-15,1482.49,3,12,15,2022,4,50,0,0,0,0,0,45.8,0,0,6,Home,S001,300
2022-12-16,1656.76,4,12,16,2022,4,50,0,0,0,0,0,59.3,0,0,7,Home,S003,300
2022-12-17,1750.32,5,12,17,2022,4,50,1,0,0,0,0,44.7,0,1,0,Clothing,S002,300
2022-12-18,1980.59,6,12,18,2022,4,50,1,0,0,0,0,57.5,0,0,1,Food,S003,300
2022-12-19,1615.11,0,12,19,2022,4,51,0,0,0,0,0,52.2,0,0,2,Electronics,S002,300
2022-12-20,1663.79,1,12,20,2022,4,51,0,0,0,0,0,52.4,0,0,3,Electronics,S003,300
2022-12-21,1545.24,2,12,21,2022,4,51,0,0,0,0,0,40.7,0,1,0,Home,S001,300
2022-12-22,1702.49,3,12,22,2022,4,51,0,0,0,0,0,42.5,0,0,1,Clothing,S003,300
2022-12-23,1531.11,4,12,23,2022,4,51,0,0,0,0,0,47.7,0,0,2,Electronics,S002,300
2022-12-24,2500.0,5,12,24,2022,4,51,1,0,0,0,0,46.7,1,0,3,Food,S001,300
2022-12-25,2500.0,6,12,25,2022,4,51,1,0,0,0,0,53.2,1,0,4,Electronics,S002,300
2022-12-26,2500.0,0,12,26,2022,4,52,0,0,0,0,0,42.0,1,0,5,Home,S002,300
2022-12-27,1595.6,1,12,27,2022,4,52,0,0,0,0,0,56.1,0,0,6,Clothing,S003,300
2022-12-28,1689.87,2,12,28,2022,4,52,0,0,0,0,0,55.1,0,0,7,Food,S001,300
2022-12-29,1536.56,3,12,29,2022,4,52,0,0,0,0,0,58.8,0,0,8,Home,S001,300
2022-12-30,1630.9,4,12,30,2022,4,52,0,0,0,0,0,58.9,0,0,9,Electronics,S003,300
2022-12-31,1730.01,5,12,31,2022,4,52,1,0,1,0,1,50.7,0,0,10,Clothing,S003,300
2023-01-01,988.67,6,1,1,2023,1,52,1,1,0,1,0,52.3,1,0,11,Food,S001,200
2023-01-02,968.17,0,1,2,2023,1,1,0,0,0,0,0,42.7,0,1,0,Home,S002,207
2023-01-03,982.51,1,1,3,2023,1,1,0,0,0,0,0,58.7,0,0,1,Clothing,S001,177
2023-01-04,976.29,2,1,4,2023,1,1,0,0,0,0,0,57.1,0,0,2,Food,S003,200
2023-01-05,948.74,3,1,5,2023,1,1,0,0,0,0,0,58.0,0,0,3,Food,S003,197
2023-01-06,997.74,4,1,6,2023,1,1,0,0,0,0,0,40.9,0,0,4,Electronics,S003,206
2023-01-07,1189.92,5,1,7,2023,1,1,1,0,0,0,0,49.1,0,1,0,Clothing,S001,234
2023-01-08,1032.55,6,1,8,2023,1,1,1,0,0,0,0,59.9,0,0,1,Clothing,S003,222
2023-01-09,923.63,0,1,9,2023,1,2,0,0,0,0,0,53.4,0,0,2,Food,S002,176
2023-01-10,919.89,1,1,10,2023,1,2,0,0,0,0,0,56.0,0,0,3,Electronics,S001,185
2023-01-11,940.6,2,1,11,2023,1,2,0,0,0,0,0,40.3,0,0,4,Home,S002,192
2023-01-12,986.34,3,1,12,2023,1,2,0,0,0,0,0,47.4,0,1,0,Food,S001,179
2023-01-13,995.12,4,1,13,2023,1,2,0,0,0,0,0,59.3,0,0,1,Clothing,S003,207
2023-01-14,1032.51,5,1,14,2023,1,2,1,0,0,0,0,57.2,0,0,2,Electronics,S001,202
2023-01-15,1085.64,6,1,15,2023,1,2,1,0,0,0,0,53.2,0,1,0,Food,S003,212
2023-01-16,914.81,0,1,16,2023,1,3,0,0,0,0,0,41.9,0,0,1,Electronics,S001,192
2023-01-17,944.57,1,1,17,2023,1,3,0,0,0,0,0,52.3,0,0,2,Clothing,S003,178
2023-01-18,976.27,2,1,18,2023,1,3,0,0,0,0,0,57.8,0,0,3,Electronics,S002,205
2023-01-19,951.78,3,1,19,2023,1,3,0,0,0,0,0,57.8,0,0,4,Electronics,S002,196
2023-01-20,958.8,4,1,20,2023,1,3,0,0,0,0,0,47.8,0,0,5,Clothing,S001,175
2023-01-21,1104.97,5,1,21,2023,1,3,1,0,0,0,0,46.0,0,0,6,Clothing,S001,235
2023-01-22,1104.92,6,1,22,2023,1,3,1,0,0,0,0,51.8,0,0,7,Clothing,S003,219
2023-01-23,948.45,0,1,23,2023,1,4,0,0,0,0,0,56.5,0,1,0,Clothing,S002,189
2023-01-24,960.33,1,1,24,2023,1,4,0,0,0,0,0,53.4,0,0,1,Electronics,S002,185
2023-01-25,979.6,2,1,25,2023,1,4,0,0,0,0,0,57.0,0,0,2,Food,S001,181
2023-01-26,983.3,3,1,26,2023,1,4,0,0,0,0,0,46.1,0,0,3,Electronics,S001,175
2023-01-27,992.83,4,1,27,2023,1,4,0,0,0,0,0,56.5,0,0,4,Home,S002,176
2023-01-28,1035.8,5,1,28,2023,1,4,1,0,0,0,0,42.7,0,0,5,Clothing,S003,214
2023-01-29,1036.75,6,1,29,2023,1,4,1,0,0,0,0,51.6,0,0,6,Food,S001,217
2023-01-30,950.56,0,1,30,2023,1,5,0,0,0,0,0,40.1,0,0,7,Food,S003,178
2023-01-31,878.67,1,1,31,2023,1,5,0,0,1,0,0,49.9,0,0,8,Home,S003,180
2023-02-01,894.13,2,2,1,2023,1,5,0,1,0,0,0,50.7,0,0,9,Electronics,S001,173
2023-02-02,945.71,3,2,2,2023,1,5,0,0,0,0,0,42.0,0,0,10,Clothing,S003,170
2023-02-03,944.5,4,2,3,2023,1,5,0,0,0,0,0,46.0,0,0,11,Clothing,S001,180
2023-02-04,1118.06,5,2,4,2023,1,5,1,0,0,0,0,52.3,0,0,12,Food,S003,235
2023-02-05,1001.32,6,2,5,2023,1,5,1,0,0,0,0,44.7,0,0,13,Clothing,S003,213
2023-02-06,881.01,0,2,6,2023,1,6,0,0,0,0,0,56.9,0,0,14,Home,S003,169
2023-02-07,987.96,1,2,7,2023,1,6,0,0,0,0,0,40.8,0,0,15,Home,S003,186
2023-02-08,866.56,2,2,8,2023,1,6,0,0,0,0,0,43.2,0,0,16,Home,S002,185
2023-02-09,926.83,3,2,9,2023,1,6,0,0,0,0,0,56.7,0,1,0,Clothing,S002,186
2023-02-10,875.25,4,2,10,2023,1,6,0,0,0,0,0,51.8,0,0,1,Electronics,S002,184
2023-02-11,1071.7,5,2,11,2023,1,6,1,0,0,0,0,40.5,0,1,0,Home,S001,215
2023-02-12,1073.44,6,2,12,2023,1,6,1,0,0,0,0,58.3,0,0,1,Food,S001,230
2023-02-13,873.34,0,2,13,2023,1,7,0,0,0,0,0,49.2,0,0,2,Food,S002,175
2023-02-14,978.83,1,2,14,2023,1,7,0,0,0,0,0,46.5,1,1,0,Electronics,S002,192
2023-02-15,832.96,2,2,15,2023,1,7,0,0,0,0,0,43.1,0,0,1,Home,S001,167
2023-02-16,845.89,3,2,16,2023,1,7,0,0,0,0,0,57.1,0,0,2,Food,S001,173
2023-02-17,910.87,4,2,17,2023,1,7,0,0,0,0,0,43.4,0,0,3,Food,S003,185
2023-02-18,1077.53,5,2,18,2023,1,7,1,0,0,0,0,55.9,0,0,4,Electronics,S001,210
2023-02-19,1053.8,6,2,19,2023,1,7,1,0,0,0,0,45.4,0,0,5,Home,S003,212
2023-02-20,950.48,0,2,20,2023,1,8,0,0,0,0,0,58.7,0,1,0,Electronics,S003,182
2023-02-21,959.08,1,2,21,2023,1,8,0,0,0,0,0,46.8,0,0,1,Electronics,S002,187
2023-02-22,866.42,2,2,22,2023,1,8,0,0,0,0,0,46.1,0,0,2,Clothing,S003,178
2023-02-23,941.52,3,2,23,2023,1,8,0,0,0,0,0,50.7,0,0,3,Food,S001,192
2023-02-24,930.2,4,2,24,2023,1,8,0,0,0,0,0,49.2,0,0,4,Home,S001,190
2023-02-25,1087.52,5,2,25,2023,1,8,1,0,0,0,0,45.6,0,0,5,Electronics,S002,232
2023-02-26,1083.52,6,2,26,2023,1,8,1,0,0,0,0,40.5,0,1,0,Home,S002,222
2023-02-27,870.36,0,2,27,2023,1,9,0,0,0,0,0,44.9,0,0,1,Food,S003,171
2023-02-28,995.16,1,2,28,2023,1,9,0,0,1,0,0,55.6,0,0,2,Clothing,S001,189
2023-03-01,1051.81,2,3,1,2023,1,9,0,1,0,0,0,67.3,0,1,0,Food,S003,222
2023-03-02,963.95,3,3,2,2023,1,9,0,0,0,0,0,62.8,0,0,1,Home,S002,201
2023-03-03,1093.06,4,3,3,2023,1,9,0,0,0,0,0,59.3,0,0,2,Electronics,S002,236
2023-03-04,1152.09,5,3,4,2023,1,9,1,0,0,0,0,74.5,0,0,3,Electronics,S001,232
2023-03-05,1166.45,6,3,5,2023,1,9,1,0,0,0,0,68.9,0,0,4,Clothing,S003,230
2023-03-06,1022.46,0,3,6,2023,1,10,0,0,0,0,0,63.9,0,1,0,Home,S001,216
2023-03-07,1130.63,1,3,7,2023,1,10,0,0,0,0,0,62.5,0,0,1,Electronics,S002,240
2023-03-08,1031.54,2,3,8,2023,1,10,0,0,0,0,0,67.8,0,0,2,Food,S001,204
2023-03-09,1039.29,3,3,9,2023,1,10,0,0,0,0,0,68.8,0,0,3,Electronics,S003,196
2023-03-10,1054.43,4,3,10,2023,1,10,0,0,0,0,0,69.5,0,1,0,Food,S003,212
2023-03-11,1146.59,5,3,11,2023,1,10,1,0,0,0,0,74.7,0,0,1,Clothing,S001,238
2023-03-12,1217.11,6,3,12,2023,1,10,1,0,0,0,0,62.8,0,0,2,Home,S002,247
2023-03-13,1006.18,0,3,13,2023,1,11,0,0,0,0,0,60.9,0,0,3,Clothing,S003,222
2023-03-14,944.57,1,3,14,2023,1,11,0,0,0,0,0,69.0,0,1,0,Food,S002,189
2023-03-15,1086.1,2,3,15,2023,1,11,0,0,0,0,0,56.5,0,0,1,Electronics,S001,213
2023-03-16,1048.97,3,3,16,2023,1,11,0,0,0,0,0,74.1,0,0,2,Clothing,S002,204
2023-03-17,1057.49,4,3,17,2023,1,11,0,0,0,0,0,59.3,0,0,3,Electronics,S002,216
2023-03-18,1268.45,5,3,18,2023,1,11,1,0,0,0,0,71.2,0,0,4,Home,S001,257
2023-03-19,1199.18,6,3,19,2023,1,11,1,0,0,0,0,74.9,0,1,0,Electronics,S001,237
2023-03-20,1049.26,0,3,20,2023,1,12,0,0,0,0,0,55.9,0,0,1,Food,S003,218
2023-03-21,980.75,1,3,21,2023,1,12,0,0,0,0,0,63.1,0,0,2,Clothing,S003,192
2023-03-22,968.75,2,3,22,2023,1,12,0,0,0,0,0,67.0,0,1,0,Home,S002,205
2023-03-23,1022.08,3,3,23,2023,1,12,0,0,0,0,0,60.8,0,0,1,Electronics,S002,217
2023-03-24,1065.23,4,3,24,2023,1,12,0,0,0,0,0,60.6,0,0,2,Food,S001,228
2023-03-25,1249.27,5,3,25,2023,1,12,1,0,0,0,0,57.1,0,0,3,Food,S001,260
2023-03-26,1283.47,6,3,26,2023,1,12,1,0,0,0,0,68.8,0,1,0,Home,S002,260
2023-03-27,1093.31,0,3,27,2023,1,13,0,0,0,0,0,63.1,0,0,1,Food,S003,232
2023-03-28,1034.45,1,3,28,2023,1,13,0,0,0,0,0,69.5,0,0,2,Home,S001,200
2023-03-29,1018.84,2,3,29,2023,1,13,0,0,0,0,0,67.6,0,0,3,Electronics,S002,192
2023-03-30,1118.42,3,3,30,2023,1,13,0,0,0,0,0,73.1,0,1,0,Clothing,S003,216
2023-03-31,1051.78,4,3,31,2023,1,13,0,0,1,0,1,64.2,0,0,1,Home,S001,202
2023-04-01,1088.08,5,4,1,2023,2,13,1,1,0,1,0,67.9,0,0,2,Food,S002,229
2023-04-02,1306.96,6,4,2,2023,2,13,1,0,0,0,0,67.1,0,1,0,Electronics,S001,254
2023-04-03,1013.88,0,4,3,2023,2,14,0,0,0,0,0,60.7,0,0,1,Clothing,S002,206
2023-04-04,1036.21,1,4,4,2023,2,14,0,0,0,0,0,74.9,0,0,2,Home,S003,210
2023-04-05,1073.45,2,4,5,2023,2,14,0,0,0,0,0,63.7,0,0,3,Electronics,S001,218
2023-04-06,1048.97,3,4,6,2023,2,14,0,0,0,0,0,73.0,0,0,4,Electronics,S003,195
2023-04-07,1080.64,4,4,7,2023,2,14,0,0,0,0,0,59.3,1,0,5,Home,S002,204
2023-04-08,1292.06,5,4,8,2023,2,14,1,0,0,0,0,70.5,1,1,0,Electronics,S003,248
2023-04-09,1276.41,6,4,9,2023,2,14,1,0,0,0,0,74.5,1,0,1,Clothing,S001,250
2023-04-10,1083.5,0,4,10,2023,2,15,0,0,0,0,0,67.2,0,0,2,Food,S003,225
2023-04-11,1037.28,1,4,11,2023,2,15,0,0,0,0,0,74.1,0,0,3,Clothing,S002,209
2023-04-12,1104.97,2,4,12,2023,2,15,0,0,0,0,0,60.6,0,0,4,Electronics,S001,223
2023-04-13,1051.84,3,4,13,2023,2,15,0,0,0,0,0,62.1,0,1,0,Clothing,S003,204
2023-04-14,1065.71,4,4,14,2023,2,15,0,0,0,0,0,56.7,0,0,1,Electronics,S001,211
2023-04-15,1239.38,5,4,15,2023,2,15,1,0,0,0,0,62.8,0,0,2,Electronics,S001,245
2023-04-16,1341.22,6,4,16,2023,2,15,1,0,0,0,0,68.9,0,0,3,Food,S003,263
2023-04-17,1026.96,0,4,17,2023,2,16,0,0,0,0,0,74.9,0,0,4,Electronics,S002,217
2023-04-18,1073.42,1,4,18,2023,2,16,0,0,0,0,0,73.1,0,0,5,Clothing,S001,235
2023-04-19,1015.65,2,4,19,2023,2,16,0,0,0,0,0,61.9,0,0,6,Food,S002,203
2023-04-20,1057.48,3,4,20,2023,2,16,0,0,0,0,0,67.5,0,1,0,Home,S003,212
2023-04-21,1117.84,4,4,21,2023,2,16,0,0,0,0,0,61.5,0,0,1,Electronics,S001,213
2023-04-22,1121.36,5,4,22,2023,2,16,1,0,0,0,0,64.2,0,0,2,Food,S003,221
2023-04-23,1219.06,6,4,23,2023,2,16,1,0,0,0,0,70.9,0,0,3,Home,S001,250
2023-04-24,1028.9,0,4,24,2023,2,17,0,0,0,0,0,66.8,0,0,4,Home,S002,216
2023-04-25,1110.15,1,4,25,2023,2,17,0,0,0,0,0,74.3,0,0,5,Clothing,S003,235
2023-04-26,1125.75,2,4,26,2023,2,17,0,0,0,0,0,71.0,0,1,0,Food,S003,216
2023-04-27,1051.48,3,4,27,2023,2,17,0,0,0,0,0,65.8,0,0,1,Electronics,S002,213
2023-04-28,1087.6,4,4,28,2023,2,17,0,0,0,0,0,66.9,0,0,2,Home,S001,200
2023-04-29,1275.46,5,4,29,2023,2,17,1,0,0,0,0,59.3,0,1,0,Clothing,S001,273
2023-04-30,1288.74,6,4,30,2023,2,17,1,0,1,0,0,63.4,0,0,1,Home,S002,254
2023-05-01,1126.86,0,5,1,2023,2,18,0,1,0,0,0,69.5,0,0,2,Electronics,S003,218
2023-05-02,1130.69,1,5,2,2023,2,18,0,0,0,0,0,59.4,0,0,3,Clothing,S002,238
2023-05-03,1152.01,2,5,3,2023,2,18,0,0,0,0,0,60.5,0,0,4,Electronics,S003,230
2023-05-04,1086.13,3,5,4,2023,2,18,0,0,0,0,0,62.8,0,1,0,Food,S001,215
2023-05-05,1087.77,4,5,5,2023,2,18,0,0,0,0,0,74.5,0,0,1,Home,S003,205
2023-05-06,1202.95,5,5,6,2023,2,18,1,0,0,0,0,64.3,0,0,2,Clothing,S002,250
2023-05-07,1315.01,6,5,7,2023,2,18,1,0,0,0,0,73.4,0,0,3,Food,S001,257
2023-05-08,1126.39,0,5,8,2023,2,19,0,0,0,0,0,72.6,0,0,4,Food,S003,232
2023-05-09,1028.0,1,5,9,2023,2,19,0,0,0,0,0,62.1,0,1,0,Clothing,S003,217
2023-05-10,1115.11,2,5,10,2023,2,19,0,0,0,0,0,63.2,0,1,0,Food,S001,219
2023-05-11,1184.84,3,5,11,2023,2,19,0,0,0,0,0,67.8,0,0,1,Electronics,S002,243
2023-05-12,1151.72,4,5,12,2023,2,19,0,0,0,0,0,74.7,0,0,2,Clothing,S003,238
2023-05-13,1249.77,5,5,13,2023,2,19,1,0,0,0,0,66.7,0,0,3,Food,S002,243
2023-05-14,1362.2,6,5,14,2023,2,19,1,0,0,0,0,65.0,0,0,4,Clothing,S003,277
2023-05-15,1144.3,0,5,15,2023,2,20,0,0,0,0,0,73.3,0,0,5,Electronics,S003,237
2023-05-16,1087.52,1,5,16,2023,2,20,0,0,0,0,0,72.5,0,1,0,Clothing,S002,231
2023-05-17,1126.98,2,5,17,2023,2,20,0,0,0,0,0,69.5,0,0,1,Home,S003,222
2023-05-18,1033.43,3,5,18,2023,2,20,0,0,0,0,0,66.7,0,0,2,Clothing,S001,203
2023-05-19,1118.82,4,5,19,2023,2,20,0,0,0,0,0,57.1,0,1,0,Food,S002,237
2023-05-20,1238.41,5,5,20,2023,2,20,1,0,0,0,0,62.7,0,0,1,Clothing,S001,250
2023-05-21,1217.61,6,5,21,2023,2,20,1,0,0,0,0,70.6,0,0,2,Electronics,S002,234
2023-05-22,1093.53,0,5,22,2023,2,21,0,0,0,0,0,56.8,0,0,3,Food,S002,211
2023-05-23,1079.8,1,5,23,2023,2,21,0,0,0,0,0,72.4,0,0,4,Home,S001,234
2023-05-24,1035.15,2,5,24,2023,2,21,0,0,0,0,0,66.8,0,0,5,Electronics,S003,219
2023-05-25,1080.3,3,5,25,2023,2,21,0,0,0,0,0,71.0,0,0,6,Food,S003,206
2023-05-26,1122.9,4,5,26,2023,2,21,0,0,0,0,0,65.6,0,0,7,Food,S003,212
2023-05-27,1359.81,5,5,27,2023,2,21,1,0,0,0,0,60.2,0,0,8,Clothing,S003,281
2023-05-28,1263.81,6,5,28,2023,2,21,1,0,0,0,0,70.9,0,0,9,Electronics,S001,248
2023-05-29,1032.74,0,5,29,2023,2,22,0,0,0,0,0,67.6,1,0,10,Clothing,S003,212
2023-05-30,1118.89,1,5,30,2023,2,22,0,0,0,0,0,71.6,0,1,0,Food,S002,228
2023-05-31,1055.6,2,5,31,2023,2,22,0,0,1,0,0,68.4,0,0,1,Electronics,S001,211
2023-06-01,1176.43,3,6,1,2023,2,22,0,1,0,0,0,77.3,0,0,2,Food,S002,231
2023-06-02,1276.53,4,6,2,2023,2,22,0,0,0,0,0,86.2,0,0,3,Home,S003,267
2023-06-03,1434.93,5,6,3,2023,2,22,1,0,0,0,0,88.7,0,0,4,Home,S002,279
2023-06-04,1427.36,6,6,4,2023,2,22,1,0,0,0,0,77.1,0,1,0,Clothing,S003,296
2023-06-05,1238.41,0,6,5,2023,2,23,0,0,0,0,0,91.8,0,0,1,Clothing,S001,263
2023-06-06,1264.49,1,6,6,2023,2,23,0,0,0,0,0,85.6,0,0,2,Electronics,S002,253
2023-06-07,1264.81,2,6,7,2023,2,23,0,0,0,0,0,90.4,0,1,0,Electronics,S002,251
2023-06-08,1370.47,3,6,8,2023,2,23,0,0,0,0,0,82.8,0,0,1,Clothing,S003,277
2023-06-09,1276.01,4,6,9,2023,2,23,0,0,0,0,0,89.2,0,0,2,Food,S002,243
2023-06-10,1498.43,5,6,10,2023,2,23,1,0,0,0,0,89.5,0,0,3,Food,S002,298
2023-06-11,1521.14,6,6,11,2023,2,23,1,0,0,0,0,89.2,0,0,4,Food,S003,300
2023-06-12,1292.09,0,6,12,2023,2,24,0,0,0,0,0,87.3,0,0,5,Clothing,S001,270
2023-06-13,1413.56,1,6,13,2023,2,24,0,0,0,0,0,94.9,0,0,6,Electronics,S003,274
2023-06-14,1248.64,2,6,14,2023,2,24,0,0,0,0,0,85.3,0,0,7,Food,S002,242
2023-06-15,1346.7,3,6,15,2023,2,24,0,0,0,0,0,80.7,0,0,8,Clothing,S001,281
2023-06-16,1282.68,4,6,16,2023,2,24,0,0,0,0,0,89.5,0,0,9,Electronics,S003,248
2023-06-17,1447.8,5,6,17,2023,2,24,1,0,0,0,0,88.1,0,0,10,Home,S002,279
2023-06-18,1542.48,6,6,18,2023,2,24,1,0,0,0,0,87.0,0,1,0,Clothing,S003,299
2023-06-19,1361.34,0,6,19,2023,2,25,0,0,0,0,0,87.0,0,1,0,Home,S002,256
2023-06-20,1319.49,1,6,20,2023,2,25,0,0,0,0,0,93.8,0,0,1,Electronics,S001,268
2023-06-21,1280.93,2,6,21,2023,2,25,0,0,0,0,0,76.5,0,0,2,Food,S001,245
2023-06-22,1263.79,3,6,22,2023,2,25,0,0,0,0,0,89.0,0,0,3,Food,S003,252
2023-06-23,1249.25,4,6,23,2023,2,25,0,0,0,0,0,75.4,0,0,4,Electronics,S001,237
2023-06-24,1368.61,5,6,24,2023,2,25,1,0,0,0,0,81.1,0,0,5,Clothing,S002,276
2023-06-25,1487.89,6,6,25,2023,2,25,1,0,0,0,0,79.0,0,0,6,Electronics,S001,293
2023-06-26,1348.65,0,6,26,2023,2,26,0,0,0,0,0,75.6,0,0,7,Clothing,S003,275
2023-06-27,1315.68,1,6,27,2023,2,26,0,0,0,0,0,89.0,0,1,0,Food,S003,267
2023-06-28,1276.81,2,6,28,2023,2,26,0,0,0,0,0,94.9,0,0,1,Clothing,S001,257
2023-06-29,1399.73,3,6,29,2023,2,26,0,0,0,0,0,88.9,0,0,2,Electronics,S002,261
2023-06-30,1238.9,4,6,30,2023,2,26,0,0,1,0,1,77.5,0,0,3,Home,S001,248
2023-07-01,1498.42,5,7,1,2023,3,26,1,1,0,1,0,87.6,0,0,4,Clothing,S003,285
2023-07-02,1527.24,6,7,2,2023,3,26,1,0,0,0,0,87.2,0,0,5,Electronics,S001,300
2023-07-03,1374.83,0,7,3,2023,3,27,0,0,0,0,0,87.9,0,1,0,Home,S002,277
2023-07-04,1336.19,1,7,4,2023,3,27,0,0,0,0,0,86.6,1,0,1,Home,S001,260
2023-07-05,1235.1,2,7,5,2023,3,27,0,0,0,0,0,83.9,0,0,2,Food,S003,251
2023-07-06,1268.0,3,7,6,2023,3,27,0,0,0,0,0,77.8,0,0,3,Clothing,S001,251
2023-07-07,1338.94,4,7,7,2023,3,27,0,0,0,0,0,80.7,0,0,4,Electronics,S003,279
2023-07-08,1620.17,5,7,8,2023,3,27,1,0,0,0,0,94.3,0,0,5,Food,S001,300
2023-07-09,1413.44,6,7,9,2023,3,27,1,0,0,0,0,75.4,0,0,6,Electronics,S001,281
2023-07-10,1316.59,0,7,10,2023,3,28,0,0,0,0,0,94.3,0,0,7,Home,S002,254
2023-07-11,1336.56,1,7,11,2023,3,28,0,0,0,0,0,90.3,0,1,0,Clothing,S003,261
2023-07-12,1307.74,2,7,12,2023,3,28,0,0,0,0,0,76.5,0,0,1,Food,S003,267
2023-07-13,1399.76,3,7,13,2023,3,28,0,0,0,0,0,83.4,0,0,2,Home,S003,281
2023-07-14,1415.55,4,7,14,2023,3,28,0,0,0,0,0,84.0,0,0,3,Electronics,S001,273
2023-07-15,1657.49,5,7,15,2023,3,28,1,0,0,0,0,75.5,0,0,4,Food,S001,300
2023-07-16,1467.57,6,7,16,2023,3,28,1,0,0,0,0,89.5,0,1,0,Clothing,S002,283
2023-07-17,1268.04,0,7,17,2023,3,29,0,0,0,0,0,75.7,0,0,1,Food,S002,256
2023-07-18,1310.82,1,7,18,2023,3,29,0,0,0,0,0,94.9,0,0,2,Electronics,S001,273
2023-07-19,1366.5,2,7,19,2023,3,29,0,0,0,0,0,80.8,0,0,3,Food,S003,275
2023-07-20,1322.99,3,7,20,2023,3,29,0,0,0,0,0,94.5,0,0,4,Clothing,S001,249
2023-07-21,1288.79,4,7,21,2023,3,29,0,0,0,0,0,94.5,0,1,0,Clothing,S002,246
2023-07-22,1515.6,5,7,22,2023,3,29,1,0,0,0,0,86.2,0,0,1,Food,S002,300
2023-07-23,1537.49,6,7,23,2023,3,29,1,0,0,0,0,88.4,0,0,2,Home,S003,288
2023-07-24,1362.4,0,7,24,2023,3,30,0,0,0,0,0,94.0,0,0,3,Food,S003,283
2023-07-25,1234.0,1,7,25,2023,3,30,0,0,0,0,0,90.4,0,0,4,Electronics,S003,252
2023-07-26,1434.33,2,7,26,2023,3,30,0,0,0,0,0,93.4,0,1,0,Home,S002,284
2023-07-27,1336.31,3,7,27,2023,3,30,0,0,0,0,0,83.9,0,0,1,Clothing,S003,266
2023-07-28,1413.57,4,7,28,2023,3,30,0,0,0,0,0,86.3,0,0,2,Electronics,S002,283
2023-07-29,1616.03,5,7,29,2023,3,30,1,0,0,0,0,89.5,0,0,3,Home,S003,300
2023-07-30,1501.07,6,7,30,2023,3,30,1,0,0,0,0,78.2,0,0,4,Food,S002,298
2023-07-31,1308.57,0,7,31,2023,3,31,0,0,1,0,0,91.8,0,0,5,Food,S001,263
2023-08-01,1184.2,1,8,1,2023,3,31,0,1,0,0,0,91.7,0,0,6,Clothing,S003,219
2023-08-02,1184.34,2,8,2,2023,3,31,0,0,0,0,0,83.2,0,0,7,Home,S002,231
2023-08-03,1176.65,3,8,3,2023,3,31,0,0,0,0,0,89.4,0,0,8,Electronics,S001,241
2023-08-04,1151.7,4,8,4,2023,3,31,0,0,0,0,0,88.7,0,1,0,Food,S001,237
2023-08-05,1248.51,5,8,5,2023,3,31,1,0,0,0,0,81.4,0,0,1,Electronics,S003,268
2023-08-06,1250.38,6,8,6,2023,3,31,1,0,0,0,0,89.8,0,0,2,Home,S001,254
2023-08-07,1126.79,0,8,7,2023,3,32,0,0,0,0,0,83.1,0,0,3,Electronics,S002,221
2023-08-08,1034.62,1,8,8,2023,3,32,0,0,0,0,0,94.2,0,1,0,Electronics,S003,203
2023-08-09,1022.46,2,8,9,2023,3,32,0,0,0,0,0,87.7,0,0,1,Clothing,S001,215
2023-08-10,1199.78,3,8,10,2023,3,32,0,0,0,0,0,79.8,0,0,2,Food,S003,222
2023-08-11,1144.3,4,8,11,2023,3,32,0,0,0,0,0,82.4,0,0,3,Clothing,S001,240
2023-08-12,1359.1,5,8,12,2023,3,32,1,0,0,0,0,81.6,0,0,4,Electronics,S002,263
2023-08-13,1309.28,6,8,13,2023,3,32,1,0,0,0,0,82.9,0,1,0,Food,S001,262
2023-08-14,1038.56,0,8,14,2023,3,33,0,0,0,0,0,92.5,0,1,0,Electronics,S002,197
2023-08-15,1039.06,1,8,15,2023,3,33,0,0,0,0,0,94.9,0,0,1,Clothing,S003,208
2023-08-16,1177.36,2,8,16,2023,3,33,0,0,0,0,0,94.4,0,0,2,Home,S001,234
2023-08-17,1130.83,3,8,17,2023,3,33,0,0,0,0,0,83.8,0,0,3,Electronics,S002,231
2023-08-18,1027.89,4,8,18,2023,3,33,0,0,0,0,0,85.1,0,0,4,Home,S003,195
2023-08-19,1223.77,5,8,19,2023,3,33,1,0,0,0,0,87.6,0,0,5,Clothing,S001,242
2023-08-20,1360.27,6,8,20,2023,3,33,1,0,0,0,0,89.5,0,0,6,Food,S003,281
2023-08-21,1143.91,0,8,21,2023,3,34,0,0,0,0,0,76.5,0,0,7,Electronics,S002,242
2023-08-22,1121.36,1,8,22,2023,3,34,0,0,0,0,0,76.5,0,0,8,Electronics,S002,230
2023-08-23,1093.04,2,8,23,2023,3,34,0,0,0,0,0,78.2,0,1,0,Clothing,S003,212
2023-08-24,1055.76,3,8,24,2023,3,34,0,0,0,0,0,80.8,0,1,0,Electronics,S001,213
2023-08-25,1166.45,4,8,25,2023,3,34,0,0,0,0,0,84.9,0,0,1,Food,S003,222
2023-08-26,1347.16,5,8,26,2023,3,34,1,0,0,0,0,87.6,0,0,2,Home,S003,277
2023-08-27,1370.83,6,8,27,2023,3,34,1,0,0,0,0,78.0,0,0,3,Food,S001,262
2023-08-28,1117.84,0,8,28,2023,3,35,0,0,0,0,0,77.5,0,0,4,Electronics,S003,218
2023-08-29,1144.97,1,8,29,2023,3,35,0,0,0,0,0,94.9,0,1,0,Electronics,S001,240
2023-08-30,1141.4,2,8,30,2023,3,35,0,0,0,0,0,75.4,0,0,1,Home,S003,239
2023-08-31,1048.83,3,8,31,2023,3,35,0,0,1,0,0,87.4,0,0,2,Clothing,S002,216
2023-09-01,1193.38,4,9,1,2023,3,35,0,1,0,0,0,63.9,0,0,3,Clothing,S002,228
2023-09-02,1434.33,5,9,2,2023,3,35,1,0,0,0,0,67.7,0,0,4,Home,S003,277
2023-09-03,1373.1,6,9,3,2023,3,35,1,0,0,0,0,69.9,0,0,5,Food,S003,279
2023-09-04,1173.86,0,9,4,2023,3,36,0,0,0,0,0,61.9,1,0,6,Electronics,S002,222
2023-09-05,1089.47,1,9,5,2023,3,36,0,0,0,0,0,76.5,0,0,7,Home,S003,222
2023-09-06,1080.37,2,9,6,2023,3,36,0,0,0,0,0,78.6,0,0,8,Electronics,S003,216
2023-09-07,1053.47,3,9,7,2023,3,36,0,0,0,0,0,65.3,0,0,9,Food,S001,217
2023-09-08,1100.94,4,9,8,2023,3,36,0,0,0,0,0,68.7,0,1,0,Home,S003,228
2023-09-09,1308.23,5,9,9,2023,3,36,1,0,0,0,0,79.9,0,0,1,Clothing,S003,266
2023-09-10,1312.44,6,9,10,2023,3,36,1,0,0,0,0,75.0,0,0,2,Electronics,S002,255
2023-09-11,1051.81,0,9,11,2023,3,37,0,0,0,0,0,73.0,0,0,3,Food,S001,200
2023-09-12,1114.9,1,9,12,2023,3,37,0,0,0,0,0,68.0,0,0,4,Home,S002,223
2023-09-13,1153.94,2,9,13,2023,3,37,0,0,0,0,0,78.1,0,0,5,Electronics,S003,217
2023-09-14,1087.69,3,9,14,2023,3,37,0,0,0,0,0,78.0,0,1,0,Clothing,S002,228
2023-09-15,1146.46,4,9,15,2023,3,37,0,0,0,0,0,79.5,0,0,1,Home,S003,219
2023-09-16,1413.59,5,9,16,2023,3,37,1,0,0,0,0,67.3,0,0,2,Food,S001,288
2023-09-17,1335.79,6,9,17,2023,3,37,1,0,0,0,0,77.4,0,0,3,Home,S003,267
2023-09-18,1073.45,0,9,18,2023,3,38,0,0,0,0,0,60.6,0,1,0,Clothing,S002,229
2023-09-19,1093.42,1,9,19,2023,3,38,0,0,0,0,0,72.3,0,1,0,Electronics,S001,230
2023-09-20,1184.22,2,9,20,2023,3,38,0,0,0,0,0,69.6,0,0,1,Home,S001,235
2023-09-21,1144.38,3,9,21,2023,3,38,0,0,0,0,0,78.2,0,0,2,Food,S002,217
2023-09-22,1102.73,4,9,22,2023,3,38,0,0,0,0,0,72.6,0,0,3,Clothing,S003,222
2023-09-23,1262.37,5,9,23,2023,3,38,1,0,0,0,0,67.6,0,0,4,Home,S001,260
2023-09-24,1361.35,6,9,24,2023,3,38,1,0,0,0,0,75.0,0,0,5,Electronics,S003,264
2023-09-25,1176.54,0,9,25,2023,3,39,0,0,0,0,0,78.5,0,1,0,Clothing,S003,235
2023-09-26,1177.34,1,9,26,2023,3,39,0,0,0,0,0,68.4,0,0,1,Food,S002,242
2023-09-27,1130.63,2,9,27,2023,3,39,0,0,0,0,0,60.2,0,0,2,Home,S003,225
2023-09-28,1104.91,3,9,28,2023,3,39,0,0,0,0,0,70.9,0,0,3,Food,S001,204
2023-09-29,1118.9,4,9,29,2023,3,39,0,0,0,0,0,66.5,0,1,0,Electronics,S003,228
2023-09-30,1282.69,5,9,30,2023,3,39,1,0,1,0,1,70.9,0,0,1,Clothing,S001,257
2023-10-01,1308.52,6,10,1,2023,4,39,1,1,0,1,0,68.6,0,0,2,Home,S002,254
2023-10-02,1184.28,0,10,2,2023,4,40,0,0,0,0,0,79.5,0,0,3,Electronics,S001,245
2023-10-03,1193.26,1,10,3,2023,4,40,0,0,0,0,0,75.1,0,0,4,Clothing,S002,228
2023-10-04,1151.72,2,10,4,2023,4,40,0,0,0,0,0,75.2,0,0,5,Food,S003,212
2023-10-05,1085.6,3,10,5,2023,4,40,0,0,0,0,0,75.3,0,0,6,Electronics,S002,219
2023-10-06,1200.73,4,10,6,2023,4,40,0,0,0,0,0,78.2,0,1,0,Food,S003,222
2023-10-07,1353.47,5,10,7,2023,4,40,1,0,0,0,0,69.5,0,0,1,Clothing,S002,277
2023-10-08,1363.35,6,10,8,2023,4,40,1,0,0,0,0,63.0,0,0,2,Home,S001,273
2023-10-09,1102.66,0,10,9,2023,4,41,0,0,0,0,0,72.4,0,0,3,Clothing,S003,222
2023-10-10,1072.07,1,10,10,2023,4,41,0,0,0,0,0,69.6,0,0,4,Electronics,S003,215
2023-10-11,1184.4,2,10,11,2023,4,41,0,0,0,0,0,74.6,0,1,0,Food,S001,228
2023-10-12,1153.29,3,10,12,2023,4,41,0,0,0,0,0,76.5,0,0,1,Electronics,S003,237
2023-10-13,1142.13,4,10,13,2023,4,41,0,0,0,0,0,61.7,0,0,2,Food,S002,226
2023-10-14,1315.68,5,10,14,2023,4,41,1,0,0,0,0,75.4,0,0,3,Home,S001,263
2023-10-15,1388.97,6,10,15,2023,4,41,1,0,0,0,0,67.6,0,0,4,Electronics,S002,267
2023-10-16,1127.81,0,10,16,2023,4,42,0,0,0,0,0,76.1,0,0,5,Clothing,S001,234
2023-10-17,1173.34,1,10,17,2023,4,42,0,0,0,0,0,78.6,0,1,0,Home,S003,230
2023-10-18,1144.15,2,10,18,2023,4,42,0,0,0,0,0,67.7,0,0,1,Food,S002,222
2023-10-19,1054.49,3,10,19,2023,4,42,0,0,0,0,0,66.8,0,0,2,Food,S003,219
2023-10-20,1130.34,4,10,20,2023,4,42,0,0,0,0,0,74.9,0,0,3,Clothing,S003,236
2023-10-21,1275.68,5,10,21,2023,4,42,1,0,0,0,0,60.2,0,0,4,Home,S002,254
2023-10-22,1427.32,6,10,22,2023,4,42,1,0,0,0,0,69.0,0,0,5,Food,S001,283
2023-10-23,1217.16,0,10,23,2023,4,43,0,0,0,0,0,73.0,0,0,6,Electronics,S001,248
2023-10-24,1136.63,1,10,24,2023,4,43,0,0,0,0,0,75.3,0,1,0,Home,S003,223
2023-10-25,1153.25,2,10,25,2023,4,43,0,0,0,0,0,66.8,0,0,1,Clothing,S001,237
2023-10-26,1176.49,3,10,26,2023,4,43,0,0,0,0,0,75.6,0,0,2,Food,S002,229
2023-10-27,1172.0,4,10,27,2023,4,43,0,0,0,0,0,60.2,0,0,3,Electronics,S002,246
2023-10-28,1279.79,5,10,28,2023,4,43,1,0,0,0,0,68.9,0,0,4,Food,S003,277
2023-10-29,1397.02,6,10,29,2023,4,43,1,0,0,0,0,74.2,0,0,5,Clothing,S002,269
2023-10-30,1133.56,0,10,30,2023,4,44,0,0,0,0,0,65.3,0,1,0,Home,S001,219
2023-10-31,1144.17,1,10,31,2023,4,44,0,0,1,0,0,65.2,0,0,1,Electronics,S003,233
2023-11-01,1102.43,2,11,1,2023,4,44,0,1,0,0,0,78.2,0,0,2,Home,S003,215
2023-11-02,1185.33,3,11,2,2023,4,44,0,0,0,0,0,60.6,0,1,0,Electronics,S001,234
2023-11-03,1118.88,4,11,3,2023,4,44,0,0,0,0,0,65.0,0,0,1,Food,S002,216
2023-11-04,1336.56,5,11,4,2023,4,44,1,0,0,0,0,64.3,0,0,2,Clothing,S003,275
2023-11-05,1455.97,6,11,5,2023,4,44,1,0,0,0,0,67.6,0,0,3,Food,S002,285
2023-11-06,1202.39,0,11,6,2023,4,45,0,0,0,0,0,65.3,0,0,4,Clothing,S001,245
2023-11-07,1102.16,1,11,7,2023,4,45,0,0,0,0,0,75.4,0,0,5,Food,S003,209
2023-11-08,1118.42,2,11,8,2023,4,45,0,0,0,0,0,65.0,0,0,6,Electronics,S001,235
2023-11-09,1114.9,3,11,9,2023,4,45,0,0,0,0,0,76.5,0,0,7,Home,S003,212
2023-11-10,1202.19,4,11,10,2023,4,45,0,0,0,0,0,79.5,0,1,0,Food,S003,237
2023-11-11,1276.43,5,11,11,2023,4,45,1,0,0,0,0,64.4,0,0,1,Clothing,S001,273
2023-11-12,1359.81,6,11,12,2023,4,45,1,0,0,0,0,63.1,0,1,0,Electronics,S002,279
2023-11-13,1144.17,0,11,13,2023,4,46,0,0,0,0,0,68.8,0,0,1,Home,S003,230
2023-11-14,1140.66,1,11,14,2023,4,46,0,0,0,0,0,68.7,0,0,2,Food,S002,228
2023-11-15,1102.57,2,11,15,2023,4,46,0,0,0,0,0,79.5,0,0,3,Clothing,S001,236
2023-11-16,1176.44,3,11,16,2023,4,46,0,0,0,0,0,63.0,0,0,4,Electronics,S003,222
2023-11-17,1151.48,4,11,17,2023,4,46,0,0,0,0,0,72.4,0,1,0,Food,S001,239
2023-11-18,1423.63,5,11,18,2023,4,46,1,0,0,0,0,73.1,0,0,1,Home,S002,295
2023-11-19,1399.71,6,11,19,2023,4,46,1,0,0,0,0,65.2,0,0,2,Electronics,S001,273
2023-11-20,1160.84,0,11,20,2023,4,47,0,0,0,0,0,64.2,0,0,3,Clothing,S003,233
2023-11-21,1152.01,1,11,21,2023,4,47,0,0,0,0,0,69.5,0,0,4,Home,S002,238
2023-11-22,1141.74,2,11,22,2023,4,47,0,0,0,0,0,63.4,0,0,5,Electronics,S003,238
2023-11-23,1235.13,3,11,23,2023,4,47,0,0,0,0,0,66.7,1,1,0,Food,S002,246
2023-11-24,2500.0,4,11,24,2023,4,47,0,0,0,0,0,71.0,1,0,1,Clothing,S001,300
2023-11-25,1292.0,5,11,25,2023,4,47,1,0,0,0,0,69.5,0,0,2,Home,S003,249
2023-11-26,1347.16,6,11,26,2023,4,47,1,0,0,0,0,66.5,0,0,3,Electronics,S003,260
2023-11-27,1184.77,0,11,27,2023,4,48,0,0,0,0,0,61.9,0,0,4,Home,S001,241
2023-11-28,1162.74,1,11,28,2023,4,48,0,0,0,0,0,76.5,0,0,5,Clothing,S002,234
2023-11-29,1219.78,2,11,29,2023,4,48,0,0,0,0,0,64.4,0,0,6,Electronics,S003,238
2023-11-30,1209.68,3,11,30,2023,4,48,0,0,1,0,0,63.0,0,1,0,Home,S002,244
2023-12-01,1689.78,4,12,1,2023,4,48,0,1,0,0,0,46.9,0,0,1,Food,S001,300
2023-12-02,1830.49,5,12,2,2023,4,48,1,0,0,0,0,56.7,0,0,2,Electronics,S003,300
2023-12-03,1789.92,6,12,3,2023,4,48,1,0,0,0,0,44.9,0,0,3,Home,S001,300
2023-12-04,1537.98,0,12,4,2023,4,49,0,0,0,0,0,54.2,0,0,4,Clothing,S003,300
2023-12-05,1523.63,1,12,5,2023,4,49,0,0,0,0,0,47.8,0,0,5,Food,S002,300
2023-12-06,1637.52,2,12,6,2023,4,49,0,0,0,0,0,59.9,0,0,6,Electronics,S003,300
2023-12-07,1730.07,3,12,7,2023,4,49,0,0,0,0,0,58.0,0,0,7,Clothing,S001,300
2023-12-08,1622.7,4,12,8,2023,4,49,0,0,0,0,0,58.8,0,0,8,Food,S003,300
2023-12-09,1863.63,5,12,9,2023,4,49,1,0,0,0,0,49.5,0,0,9,Home,S001,300
2023-12-10,2100.94,6,12,10,2023,4,49,1,0,0,0,0,44.8,0,1,0,Clothing,S002,300
2023-12-11,1690.66,0,12,11,2023,4,50,0,0,0,0,0,55.1,0,0,1,Electronics,S001,300
2023-12-12,1717.3,1,12,12,2023,4,50,0,0,0,0,0,53.0,0,0,2,Home,S003,300
2023-12-13,1564.95,2,12,13,2023,4,50,0,0,0,0,0,59.3,0,0,3,Food,S002,300
2023-12-14,1663.3,3,12,14,2023,4,50,0,0,0,0,0,53.2,0,0,4,Clothing,S003,300
2023-12-15,1602.83,4,12,15,2023,4,50,0,0,0,0,0,46.0,0,0,5,Electronics,S001,300
2023-12-16,1931.2,5,12,16,2023,4,50,1,0,0,0,0,52.3,0,1,0,Home,S002,300
2023-12-17,2119.5,6,12,17,2023,4,50,1,0,0,0,0,40.1,0,0,1,Clothing,S003,300
2023-12-18,1715.48,0,12,18,2023,4,51,0,0,0,0,0,44.7,0,0,2,Food,S001,300
2023-12-19,1612.98,1,12,19,2023,4,51,0,0,0,0,0,56.9,0,0,3,Electronics,S002,300
2023-12-20,1523.53,2,12,20,2023,4,51,0,0,0,0,0,59.3,0,0,4,Home,S003,300
2023-12-21,1548.8,3,12,21,2023,4,51,0,0,0,0,0,57.2,0,0,5,Food,S002,300
2023-12-22,1730.02,4,12,22,2023,4,51,0,0,0,0,0,43.2,0,0,6,Clothing,S001,300
2023-12-23,2500.0,5,12,23,2023,4,51,1,0,0,0,0,42.3,0,0,7,Electronics,S003,300
2023-12-24,2500.0,6,12,24,2023,4,51,1,0,0,0,0,40.5,1,0,8,Home,S001,300
2023-12-25,2500.0,0,12,25,2023,4,52,0,0,0,0,0,50.7,1,0,9,Clothing,S002,300
2023-12-26,2500.0,1,12,26,2023,4,52,0,0,0,0,0,52.3,1,0,10,Food,S003,300
2023-12-27,1577.29,2,12,27,2023,4,52,0,0,0,0,0,57.8,0,0,11,Electronics,S002,300
2023-12-28,1575.52,3,12,28,2023,4,52,0,0,0,0,0,40.9,0,0,12,Home,S001,300
2023-12-29,1674.34,4,12,29,2023,4,52,0,0,0,0,0,59.8,0,0,13,Clothing,S003,300
2023-12-30,1927.4,5,12,30,2023,4,52,1,0,0,0,0,53.4,0,0,14,Electronics,S001,300
2023-12-31,1994.41,6,12,31,2023,4,52,1,0,1,0,1,45.3,0,1,0,Food,S002,300